Words,Predictions,Probability_Male,Probability_Female
Accountant,0,0.5948287874989827,0.40517121250101723
Accounts Assistant,1,0.21152510285557025,0.7884748971444298
Accounts Clerk,1,0.29766437305707133,0.7023356269429285
Accounts Manager,1,0.40026957867383767,0.5997304213261624
Accounts Staff,0,0.8067578803414117,0.19324211965858842
Acoustic Engineer,0,0.9697700660910712,0.030229933908928804
Actor,0,0.9314388355607379,0.06856116443926208
Actress,0,0.49411634351181716,0.5058836564881829
Actuary,0,0.8842843017586908,0.11571569824130916
Acupuncturist,1,0.07451425756406159,0.9254857424359385
Adjustor,0,0.7901003592882656,0.2098996407117345
Administration Assistant,0,0.6229169384589924,0.3770830615410077
Administration Clerk,0,0.7287140578082298,0.27128594219177
Administration Manager,0,0.9002264737476083,0.09977352625239162
Administration Staff,0,0.8640614706686363,0.1359385293313638
Administrator,0,0.8743578522716016,0.1256421477283985
Advertising Agent,0,0.7334085777687166,0.26659142223128357
Advertising Assistant,0,0.46090084136009535,0.5390991586399048
Advertising Clerk,0,0.4535261947418997,0.5464738052581003
Advertising Contractor,0,0.8891702400894478,0.11082975991055224
Advertising Executive,0,0.6033728525348844,0.3966271474651155
Advertising Manager,0,0.5115305475717439,0.4884694524282562
Advertising Staff,0,0.7497731948731546,0.25022680512684525
Aerial Erector,0,0.9477081319729959,0.05229186802700408
Aerobic Instructor,0,0.5169649167855634,0.48303508321443656
Aeronautical Engineer,0,0.9055581382865064,0.09444186171349347
Agent,0,0.9435422018291054,0.05645779817089443
Air Traffic Controller,0,0.5495417815135386,0.45045821848646134
Aircraft Designer,0,0.9552895893275224,0.044710410672477705
Aircraft Engineer,0,0.8639753144814961,0.1360246855185041
Aircraft Maintenance Engineer,0,0.8737205178455814,0.12627948215441834
Aircraft Surface Finisher,0,0.9920050419325556,0.007994958067444382
Airman,0,0.5955828763142762,0.4044171236857238
Airport Controller,0,0.817440923979858,0.1825590760201419
Airport Manager,0,0.8829859897517388,0.1170140102482613
Almoner,0,0.8732686256311317,0.1267313743688684
Ambulance Controller,0,0.7088848820436925,0.2911151179563078
Ambulance Crew,0,0.8445365221334797,0.1554634778665202
Ambulance Driver,0,0.6215172236952102,0.3784827763047898
Amusement Arcade Worker,0,0.8659522778376979,0.13404772216230199
Anaesthetist,0,0.8498836501012452,0.1501163498987546
Analyst,0,0.8687632689488031,0.13123673105119685
Analytical Chemist,0,0.8032558262047337,0.19674417379526643
Animal Breeder,0,0.9349296139642702,0.06507038603572993
Anthropologist,0,0.7993702865799984,0.20062971342000147
Antique Dealer,0,0.8758031314525209,0.12419686854747918
Applications Engineer,0,0.8259389825190477,0.17406101748095212
Applications Programmer,0,0.5279127417413221,0.47208725825867787
Arbitrator,0,0.9377911397289374,0.06220886027106262
Arborist,0,0.9787370967686829,0.021262903231317173
Archaeologist,0,0.9607187718883152,0.03928122811168464
Architect,0,0.9419751095938399,0.058024890406160164
Archivist,0,0.7905177281975686,0.20948227180243117
Area Manager,0,0.4869426086960134,0.5130573913039863
Armourer,0,0.9241350292012946,0.07586497079870522
Aromatherapist,0,0.6091736981082093,0.39082630189179063
Art Critic,0,0.8432639601016798,0.15673603989832027
Art Dealer,0,0.9574807699600458,0.04251923003995412
Art Historian,0,0.9141744913002982,0.08582550869970186
Art Restorer,0,0.896745343141267,0.10325465685873293
Artexer,0,0.8784477798830634,0.12155222011693644
Artist,0,0.9804706355133926,0.019529364486607314
Arts,0,0.8843486064447584,0.1156513935552415
Assembly Worker,0,0.663826718513304,0.33617328148669595
Assessor,0,0.8154697586674536,0.18453024133254614
Assistant,0,0.894838546446733,0.10516145355326703
Assistant Caretaker,0,0.9825751784370319,0.01742482156296817
Assistant Cook,0,0.5684014989591842,0.43159850104081593
Assistant Manager,0,0.9777293883510302,0.022270611648969943
Assistant Nurse,1,0.12399206754483133,0.8760079324551688
Assistant Teacher,1,0.4079270269268779,0.592072973073122
Astrologer,0,0.8515819830253677,0.1484180169746321
Astronomer,0,0.939028124833002,0.06097187516699794
Attendant,1,0.3086761741624712,0.6913238258375288
Au Pair,0,0.9392984003323116,0.06070159966768835
Auction Worker,0,0.8485914077360545,0.15140859226394532
Auctioneer,0,0.9084532770421508,0.09154672295784928
Audiologist,0,0.8765577137497619,0.12344228625023809
Audit Clerk,0,0.7871340201367797,0.2128659798632203
Audit Manager,0,0.8391251794839873,0.1608748205160128
Auditor,0,0.9236392480295053,0.07636075197049494
Auto Electrician,0,0.8360776835039888,0.16392231649601116
Auxiliary Nurse,1,0.03459527466502918,0.9654047253349709
Bacon Curer,0,0.7895321485400957,0.2104678514599044
Baggage Handler,0,0.4766482532087502,0.5233517467912498
Bailiff,0,0.7545899392187705,0.24541006078122957
Baker,0,0.9470959408729444,0.052904059127055564
Bakery Assistant,0,0.47220240732354996,0.5277975926764498
Bakery Manager,0,0.4870370081425716,0.5129629918574283
Bakery Operator,0,0.6204156588684424,0.3795843411315575
Balloonist,0,0.9536455324000136,0.04635446759998646
Bank Clerk,1,0.3069254612040929,0.693074538795907
Bank Manager,0,0.534183591588768,0.46581640841123206
Bank Messenger,0,0.5139854241662947,0.48601457583370544
Baptist Minister,0,0.9535052617221557,0.04649473827784437
Bar Manager,0,0.6297753381007964,0.37022466189920367
Bar Steward,0,0.7439226154222234,0.25607738457777673
Barber,0,0.8457734760473096,0.15422652395269046
Barmaid,1,0.07948912353335442,0.9205108764666456
Barman,0,0.6381847982164114,0.3618152017835885
Barrister,0,0.8698655080575013,0.13013449194249863
Beautician,0,0.6909421175996671,0.3090578824003329
Beauty Therapist,1,0.03894241002567748,0.9610575899743224
Betting Shop,0,0.7723605620388058,0.22763943796119415
Bill Poster,0,0.890737174574393,0.10926282542560677
Bingo Caller,0,0.6843941701734407,0.31560582982655905
Biochemist,0,0.7909347803952965,0.20906521960470345
Biologist,0,0.9515241343302144,0.04847586566978567
Blacksmith,0,0.938182072367127,0.061817927632873006
Blind Assembler,0,0.700822769869463,0.29917723013053693
Blind Fitter,0,0.7210648525810526,0.2789351474189475
Blinds Installer,0,0.6780399549057209,0.32196004509427917
Boat Builder,0,0.8793984827780711,0.12060151722192909
Body Fitter,1,0.37788531844046924,0.6221146815595306
Bodyguard,0,0.6713797441773531,0.3286202558226469
Bodyshop,0,0.46938878364252057,0.5306112163574794
Book Binder,0,0.7639168256167564,0.23608317438324344
Book Seller,1,0.2086215903058045,0.7913784096941955
Book-Keeper,1,0.2706170153098927,0.729382984690107
Booking Agent,0,0.9286357262845351,0.07136427371546497
Booking Clerk,0,0.6303538098336665,0.3696461901663335
Bookmaker,0,0.6415412418457371,0.35845875815426304
Botanist,0,0.9707318539203232,0.029268146079676743
Branch Manager,0,0.5819671778417287,0.41803282215827114
Breeder,0,0.7888967539794096,0.21110324602059027
Brewer,0,0.9262209278463326,0.0737790721536673
Brewery Manager,0,0.9411399402097202,0.05886005979027977
Brewery Worker,0,0.9015373640068777,0.09846263599312245
Bricklayer,0,0.731504470853,0.2684955291470001
Broadcaster,0,0.9927594121987529,0.007240587801247051
Builder,0,0.9301608136296144,0.06983918637038562
Builders Labourer,0,0.8407261223230058,0.15927387767699444
Building Advisor,0,0.7336137507518161,0.266386249248184
Building Control,0,0.629705567769453,0.370294432230547
Building Engineer,0,0.8936017503711033,0.10639824962889667
Building Estimator,1,0.396900521521748,0.603099478478252
Building Foreman,0,0.8449308419800395,0.15506915801996046
Building Inspector,0,0.8970103930047141,0.1029896069952858
Building Manager,0,0.6015320829877945,0.39846791701220546
Building Surveyor,0,0.9144444933068234,0.08555550669317662
Bursar,0,0.6601622911957823,0.33983770880421765
Bus Company,0,0.783940600897728,0.21605939910227182
Bus Conductor,0,0.7842096145548698,0.21579038544513007
Bus Driver,0,0.6803083859074049,0.3196916140925952
Bus Mechanic,0,0.7724507396257472,0.22754926037425288
Bus Valeter,0,0.6624211444567248,0.3375788555432752
Business Consultant,0,0.6275268272460093,0.37247317275399067
Business Proprietor,0,0.9336503560884513,0.0663496439115487
Butcher,0,0.9671199091558595,0.03288009084414049
Butchery Manager,0,0.9387091664885218,0.06129083351147824
Butler,0,0.908519605733807,0.09148039426619309
Buyer,0,0.9201114107855607,0.07988858921443956
Cab Driver,0,0.5,0.5
Cabinet Maker,0,0.6639994444370825,0.3360005555629174
Cable Contractor,0,0.9204399188579823,0.07956008114201742
Cable Jointer,0,0.8914124067911776,0.10858759320882223
Cable TV Installer,0,0.6151031482234665,0.38489685177653354
Cafe Owner,0,0.7767563832303996,0.22324361676960022
Cafe Staff,0,0.8501515163220635,0.14984848367793657
Cafe Worker,0,0.5670611575658058,0.4329388424341943
Calibration Manager,0,0.8123102245032027,0.18768977549679725
Camera Repairer,0,0.9238200588117057,0.07617994118829417
Cameraman,0,0.9411038104060122,0.05889618959398773
Car Dealer,0,0.9146815289231514,0.08531847107684862
Car Delivery Driver,0,0.7304574807574016,0.26954251924259837
Car Park Attendant,0,0.4538145963816948,0.546185403618305
Car Salesman,0,0.7444173070003037,0.25558269299969605
Car Valet,0,0.4892874911418863,0.5107125088581137
Car Wash Attendant,1,0.13741519357023801,0.8625848064297621
Care Assistant,1,0.13442094020744902,0.8655790597925512
Care Manager,1,0.294925983673907,0.7050740163260928
Careers Advisor,0,0.45932889570201063,0.5406711042979895
Careers Officer,0,0.5238379480969978,0.4761620519030019
Caretaker,0,0.912722303774553,0.08727769622544687
Cargo Operator,0,0.8741568910215403,0.12584310897845974
Carpenter,0,0.8148652756309115,0.18513472436908868
Carpet Cleaner,0,0.5167821427650926,0.4832178572349072
Carpet Fitter,0,0.5,0.5
Carpet Retailer,0,0.811864089879023,0.18813591012097677
Carphone Fitter,0,0.7256071259524499,0.27439287404755025
Cartographer,0,0.9120736667553767,0.0879263332446235
Cartoonist,0,0.8244764351073568,0.17552356489264312
Cashier,1,0.2073757553171542,0.7926242446828459
Casual Worker,1,0.28380161884499044,0.7161983811550097
Caterer,0,0.6390622982151712,0.36093770178482865
Catering Consultant,0,0.611089640323347,0.38891035967665294
Catering Manager,0,0.5587310881544759,0.44126891184552397
Catering Staff,0,0.8476173974181729,0.15238260258182737
Caulker,0,0.9301445918002126,0.06985540819978729
Ceiling Contractor,0,0.8341015296480331,0.1658984703519667
Ceiling Fixer,1,0.3869895410268544,0.6130104589731457
Cellarman,0,0.8620910137166984,0.13790898628330167
Chambermaid,1,0.04444766270837759,0.9555523372916224
Chandler,0,0.784720807349544,0.21527919265045609
Chaplain,0,0.9852127836633227,0.014787216336677402
Charge Hand,0,0.6151100453236723,0.3848899546763276
Charity Worker,1,0.34704367612177156,0.6529563238782283
Chartered,0,0.8378016048506693,0.1621983951493304
Chartered Accountant,0,0.7329745134689821,0.2670254865310179
Chauffeur,1,0.11423354565359385,0.8857664543464061
Chef,0,0.9574354344703767,0.04256456552962327
Chemist,0,0.8859220707364167,0.11407792926358326
Chicken Chaser,0,0.8713393410805361,0.12866065891946374
Child Minder,1,0.24651993953427806,0.7534800604657219
Childminder,1,0.3115891624225854,0.6884108375774146
Chimney Sweep,1,0.32008056252037337,0.6799194374796265
China Restorer,0,0.8839370583744496,0.11606294162555027
Chiropodist,0,0.8830450438617328,0.1169549561382672
Chiropractor,1,0.42373968827037883,0.5762603117296212
Choreographer,0,0.8407314088603686,0.15926859113963143
Church Officer,0,0.7103286419392952,0.2896713580607046
Church Warden,0,0.6582281703903501,0.3417718296096499
Cinema Manager,0,0.7377685848853973,0.2622314151146028
Circus Proprietor,0,0.9157860086896011,0.08421399131039901
Circus Worker,0,0.7905853980017308,0.2094146019982694
Civil Engineer,0,0.9392946035847523,0.06070539641524766
Civil Servant,0,0.7329610694422619,0.2670389305577381
Claims Adjustor,0,0.896582745700098,0.103417254299902
Claims Assessor,0,0.8933712305600097,0.1066287694399902
Claims Manager,0,0.8250372224283176,0.1749627775716824
Clairvoyant,1,0.09309458769519766,0.9069054123048023
Classroom Aide,0,0.5413055300688834,0.4586944699311166
Cleaner,0,0.889901188202706,0.11009881179729383
Clergyman,0,0.9598420085174015,0.04015799148259844
Cleric,0,0.924878765823231,0.07512123417676894
Clerk,0,0.6985428255948926,0.30145717440510755
Commissioned,0,0.9257173476186785,0.07428265238132145
Consultant,0,0.7797682565282031,0.22023174347179686
Coroner,0,0.9474151783033875,0.052584821696612605
Councillor,0,0.6781615579570808,0.3218384420429192
Counsellor,1,0.3823602077474668,0.6176397922525332
Dealer,0,0.9763006634131861,0.02369933658681407
Decorator,1,0.42364830593941716,0.576351694060583
Delivery Driver,0,0.73652660272491,0.2634733972750899
Doctor,0,0.9727933376435752,0.02720666235642477
Driver,0,0.8898959476724314,0.11010405232756848
Economist,0,0.8563092029850562,0.1436907970149437
Editor,0,0.9426427009111973,0.057357299088802625
Employee,0,0.7737551756535233,0.22624482434647677
Employment,0,0.8454574104127791,0.15454258958722078
Engineer,0,0.9788781552717702,0.021121844728229797
English Teacher,0,0.5,0.5
Entertainer,0,0.9274589786419261,0.07254102135807375
Envoy,0,0.9675496320897922,0.03245036791020778
Executive,0,0.8347948910763748,0.16520510892362522
Farmer,0,0.9233977854983726,0.07660221450162766
Fireman,0,0.7741754517875068,0.22582454821249318
Floor Layer,0,0.4642062719057233,0.5357937280942767
Floor Manager,0,0.4840706165664929,0.515929383433507
Florist,1,0.3082953964687769,0.6917046035312233
Flour Miller,0,0.8733766735558026,0.1266233264441973
Flower Arranger,0,0.6360641808367755,0.3639358191632246
Flying Instructor,0,0.8740473586821609,0.12595264131783918
Foam Convertor,0,0.8413713362734677,0.15862866372653225
Food Processor,0,0.5815858781185548,0.4184141218814452
Footballer,0,0.9547662347649878,0.045233765235012255
Foreman,0,0.9441695548865069,0.05583044511349313
Forensic Scientist,0,0.7962474056202412,0.2037525943797589
Forest Ranger,0,0.9579107772161357,0.04208922278386426
Forester,0,0.926749287785375,0.073250712214625
Fork Lift Truck Driver,0,0.8313421292232819,0.16865787077671815
Forwarding Agent,0,0.8938226577164319,0.10617734228356837
Foster Parent,1,0.24793544016152522,0.7520645598384748
Foundry Worker,0,0.7237112784554381,0.2762887215445621
Fraud Investigator,0,0.8837599056689337,0.11624009433106611
French Polisher,0,0.9491036929622393,0.05089630703776072
Fruiterer,0,0.8696257146918439,0.13037428530815592
Fuel Merchant,0,0.8948692402079109,0.1051307597920894
Fund Raiser,0,0.8270370129798345,0.17296298702016555
Funeral Director,0,0.9090893175505472,0.09091068244945258
Funeral Furnisher,0,0.8524843235741143,0.14751567642588567
Furnace Man,0,0.826060248604656,0.17393975139534404
Furniture Dealer,0,0.8856006533466844,0.11439934665331557
Furniture Remover,0,0.860525228907266,0.13947477109273387
Furniture Restorer,0,0.9314600628303208,0.06853993716967917
Furrier,0,0.767742661821691,0.23225733817830896
Gallery Owner,0,0.7714448241899823,0.2285551758100177
Gambler,0,0.8833508552525292,0.11664914474747089
Gamekeeper,0,0.8558799835335472,0.14412001646645275
Gaming Board Inspector,0,0.8969636465932849,0.10303635340671517
Gaming Club Manager,0,0.8308958123458658,0.1691041876541343
Gaming Club Proprietor,0,0.8332738054964165,0.16672619450358342
Garage Attendant,1,0.34067811181839586,0.6593218881816042
Garage Foreman,0,0.8065277904639774,0.19347220953602254
Garage Manager,0,0.7010077564288154,0.2989922435711848
Garda,0,0.5532230891339754,0.4467769108660245
Garden Designer,0,0.456189770100715,0.5438102298992851
Gardener,0,0.6334318860070585,0.3665681139929414
Gas Fitter,0,0.5631998262232062,0.4368001737767937
Gas Mechanic,0,0.7207894271274186,0.27921057287258144
Gas Technician,0,0.796609931565063,0.20339006843493715
Gate Keeper,0,0.6704021649155113,0.3295978350844886
Genealogist,0,0.8741875788038728,0.1258124211961272
General Practitioner,0,0.8150700655919586,0.1849299344080417
Geologist,0,0.9745113422665268,0.025488657733473207
Geophysicist,0,0.9252028383236356,0.07479716167636435
Gilder,0,0.9055862093370524,0.09441379066294786
Glass Worker,0,0.7208994831947602,0.2791005168052401
Glazier,0,0.7552343520475578,0.24476564795244204
Goldsmith,0,0.8262492011965835,0.17375079880341646
Golf Caddy,0,0.8186181432536159,0.18138185674638424
Golf Club Professional,0,0.9829004743086693,0.017099525691330688
Golfer,0,0.9751044935149102,0.024895506485089747
Goods Handler,0,0.8500282549645444,0.14997174503545566
Governor,0,0.9470722190177784,0.05292778098222176
Granite Technician,0,0.8509129122424945,0.1490870877575056
Graphic Designer,1,0.40459321731692066,0.5954067826830796
Graphologist,0,0.9213171606631277,0.07868283933687213
Grave Digger,0,0.7605930300900456,0.23940696990995447
Gravel Merchant,0,0.8948803916489776,0.10511960835102248
Green Keeper,0,0.8688971996877771,0.1311028003122229
Greengrocer,0,0.9103792283652407,0.08962077163475923
Grocer,0,0.8382675894954498,0.16173241050455042
Groom,0,0.9623831483969227,0.03761685160307733
Ground Worker,0,0.8877476959089801,0.11225230409101984
Groundsman,0,0.9279230400605836,0.07207695993941642
Guest House Owner,0,0.7919589898034355,0.20804101019656457
Guest House Proprietor,0,0.8533381022686105,0.14666189773138955
Gun Smith,0,0.8587333431825536,0.14126665681744666
Gynaecologist,0,0.5434983854690543,0.45650161453094557
HGV Driver,0,0.8780228482411627,0.12197715175883736
HGV Mechanic,0,0.7645628553716055,0.23543714462839446
Hairdresser,1,0.060887399811362874,0.9391126001886371
Handyman,0,0.6977048442877674,0.30229515571223253
Hardware Dealer,0,0.930488121991255,0.06951187800874509
Haulage Contractor,0,0.9342649723019054,0.06573502769809436
Hawker,0,0.9459070597798647,0.054092940220135284
Health Advisor,0,0.4490069954228626,0.5509930045771374
Health And Safety,0,0.8395695684892175,0.16043043151078243
Health Care Assistant,1,0.2474304740144955,0.7525695259855048
Health Consultant,1,0.43312161525483456,0.5668783847451655
Health Nurse,1,0.1509552157312406,0.8490447842687593
Health Planner,1,0.12815475722019576,0.8718452427798044
Health Service,0,0.9105259337206884,0.08947406627931148
Health Therapist,1,0.23590641250153055,0.7640935874984695
Health Visitor,0,0.7706762544685715,0.2293237455314285
Hearing Therapist,1,0.3194515844909559,0.6805484155090441
Heating Engineer,0,0.7481770394444284,0.2518229605555714
Herbalist,0,0.6215298680937235,0.37847013190627654
Highway Inspector,0,0.9505867449864855,0.04941325501351444
Hire Car Driver,0,0.4578429354765321,0.5421570645234678
Historian,0,0.9730040419268892,0.026995958073110993
History Teacher,0,0.6959554957453554,0.30404450425464474
Hod Carrier,0,0.9453211127734432,0.05467888722655673
Home Economist,0,0.8281926551503719,0.1718073448496281
Home Help,1,0.41556697752838645,0.5844330224716137
Homecare Manager,0,0.4521136223595862,0.547886377640414
Homeopath,0,0.7670381696272277,0.2329618303727723
Homeworker,0,0.4775495814077883,0.5224504185922116
Hop Merchant,0,0.9392931175283739,0.06070688247162622
Horse Breeder,0,0.8593194141845992,0.14068058581540063
Horse Dealer,0,0.9208167233640849,0.07918327663591525
Horse Riding Instructor,0,0.7182921840116709,0.28170781598832917
Horse Trader,0,0.8212734276227668,0.17872657237723333
Horse Trainer,0,0.8491066688200081,0.15089333117999182
Horticultural Consultant,0,0.8196418881691365,0.18035811183086342
Horticulturalist,0,0.9393637455627091,0.060636254437291155
Hosiery Mechanic,0,0.6115813548291654,0.3884186451708346
Hosiery Worker,1,0.20106995198345684,0.7989300480165432
Hospital Consultant,0,0.7656425488583137,0.23435745114168613
Hospital Doctor,0,0.9424968492841309,0.05750315071586912
Hospital Manager,0,0.7105999474059537,0.28940005259404655
Hospital Orderly,0,0.883899419102903,0.11610058089709703
Hospital Technician,0,0.862685817429653,0.13731418257034708
Hospital Warden,0,0.9068603799954192,0.09313962000458079
Hospital Worker,0,0.5657496621220407,0.4342503378779593
Hostess,1,0.3710246709260669,0.6289753290739332
Hot Foil Printer,0,0.6225564135513235,0.37744358644867654
Hotel Consultant,0,0.6653402228179812,0.33465977718201884
Hotel Worker,0,0.5547723929150604,0.44522760708493964
Hotelier,0,0.6923955598263487,0.30760444017365096
Househusband,0,0.8210973313363036,0.17890266866369636
Housekeeper,1,0.22986651468834787,0.7701334853116522
Housewife,1,0.004600354657540068,0.9953996453424598
Housing Assistant,0,0.537631939728739,0.4623680602712612
Housing Officer,0,0.6018331270715823,0.3981668729284176
Housing Supervisor,0,0.5290641913787032,0.4709358086212968
Hygienist,1,0.4203423263938957,0.5796576736061044
Hypnotherapist,0,0.4902207711313961,0.5097792288686039
Hypnotist,0,0.47175963060540943,0.5282403693945904
IT Consultant,0,0.6870312337287303,0.3129687662712695
IT Manager,0,0.6438159707958856,0.35618402920411435
IT Trainer,0,0.7869934473351333,0.2130065526648667
Ice Cream Vendor,1,0.3794026447472524,0.6205973552527475
Illustrator,0,0.7728366312682633,0.22716336873173656
Immigration Officer,0,0.7958573686824016,0.2041426313175983
Import Consultant,0,0.8889763317929666,0.11102366820703359
Importer,0,0.9651252105747975,0.03487478942520253
Independent Means,0,0.7828904652304459,0.2171095347695539
Induction Moulder,0,0.8177417142555443,0.18225828574445557
Industrial Chemist,0,0.8658066168507295,0.13419338314927054
Industrial Consultant,0,0.8521844311960083,0.14781556880399194
Injection Moulder,0,0.8204014751816132,0.17959852481838684
Inspector,0,0.9501105119981093,0.04988948800189081
Instructor,0,0.7522791081607788,0.24772089183922122
Instrument Engineer,0,0.9504149494774137,0.04958505052258632
Instrument Maker,0,0.9400855817762438,0.05991441822375607
Instrument Supervisor,0,0.8517355935966952,0.14826440640330496
Instrument Technician,0,0.8837536561033068,0.11624634389669325
Insurance Agent,0,0.7587256384613142,0.24127436153868578
Insurance Assessor,0,0.8874929376287732,0.11250706237122667
Insurance Broker,0,0.8405959454445175,0.1594040545554825
Insurance Consultant,0,0.7389832332681653,0.2610167667318346
Insurance Inspector,0,0.8362223747837075,0.16377762521629244
Insurance Staff,0,0.785245161647981,0.21475483835201914
Interior Decorator,0,0.7616872180014641,0.23831278199853595
Interior Designer,1,0.2921664702961525,0.7078335297038476
Interpreter,0,0.8785901724536359,0.12140982754636395
Interviewer,0,0.9348240876235223,0.06517591237647755
Inventor,0,0.9142325664485641,0.08576743355143573
Investigator,0,0.9507979687102582,0.04920203128974172
Investment Advisor,0,0.8178536041386886,0.18214639586131132
Investment Banker,0,0.7722741284742594,0.22772587152574078
Investment Manager,0,0.6931254087305843,0.30687459126941585
Investment Strategist,0,0.7218771563234434,0.2781228436765565
Ironmonger,0,0.7420363895802008,0.25796361041979926
Janitor,0,0.44859601746388394,0.5514039825361161
Jazz Composer,0,0.9326163346812095,0.06738366531879053
Jeweller,1,0.21386853061167682,0.7861314693883231
Jewellery,0,0.7310920985659127,0.26890790143408716
Jockey,0,0.8861731253407936,0.1138268746592063
Joiner,0,0.9436011189714814,0.05639888102851859
Joinery Consultant,0,0.8105394536219342,0.18946054637806584
Journalist,0,0.8188910285326219,0.181108971467378
Judge,0,0.8841899408902595,0.11581005910974057
Keep Fit Instructor,0,0.5598591796914226,0.4401408203085773
Kennel Hand,0,0.8612413486580733,0.1387586513419263
Kitchen Worker,1,0.37544303875667934,0.6245569612433206
Knitter,1,0.13332068040350367,0.8666793195964965
Labelling Operator,0,0.9227989245666227,0.07720107543337731
Laboratory Analyst,0,0.872166632305528,0.1278333676944718
Labourer,0,0.8806458186752535,0.11935418132474646
Laminator,0,0.7825980711878214,0.2174019288121788
Lampshade Maker,0,0.48171680836663217,0.5182831916333678
Land Agent,0,0.9136138660128269,0.08638613398717306
Land Surveyor,0,0.8329966741006897,0.16700332589931022
Landlady,1,0.01692207049247971,0.98307792950752
Landlord,0,0.888713726980756,0.11128627301924379
Landowner,0,0.8587905256759008,0.14120947432409944
Landworker,0,0.8232423084900977,0.1767576915099025
Lathe Operator,0,0.8295164237562084,0.1704835762437916
Laundry Staff,0,0.4775483173487001,0.5224516826512998
Laundry Worker,1,0.09070373625202713,0.909296263747973
Lavatory Attendant,0,0.5290047981675998,0.4709952018324002
Law Clerk,0,0.7825735078061625,0.2174264921938375
Lawn Mower,0,0.7916693016063411,0.20833069839365873
Lawyer,0,0.8335204917023495,0.16647950829765035
Leaflet Distributor,0,0.83097299008284,0.16902700991716005
Leather Worker,0,0.4794921473821541,0.5205078526178459
Lecturer,0,0.9483211058847575,0.05167889411524262
Ledger Clerk,0,0.5051215998233705,0.4948784001766295
Legal Advisor,0,0.4825921781137142,0.5174078218862858
Legal Assistant,1,0.1503183894873112,0.8496816105126891
Legal Executive,0,0.5,0.5
Legal Secretary,1,0.2687666289101967,0.7312333710898031
Letting Agent,0,0.9105804214397076,0.0894195785602924
Liaison Officer,0,0.6566037548865764,0.34339624511342354
Librarian,0,0.5300508814862211,0.46994911851377885
Library Manager,1,0.31775149010168197,0.6822485098983182
Licensed Premises,0,0.6768022179065376,0.32319778209346245
Licensee,0,0.8780796459707932,0.12192035402920652
Licensing,0,0.7988831949055385,0.2011168050944615
Lifeguard,0,0.6706752053299035,0.3293247946700965
Lift Attendant,0,0.4771903034314253,0.5228096965685749
Lift Engineer,0,0.7753733566173413,0.2246266433826585
Lighterman,0,0.9718369461373075,0.028163053862692602
Lighthouse Keeper,0,0.786291513950703,0.21370848604929724
Lighting Designer,0,0.838803638852509,0.16119636114749095
Lighting Technician,0,0.8520730121133644,0.14792698788663547
Lime Kiln Attendant,0,0.5905762053841315,0.4094237946158684
Line Manager,0,0.893753401338764,0.10624659866123588
Line Worker,0,0.6200008942678868,0.37999910573211304
Lineman,0,0.9584597683745405,0.04154023162545945
Linguist,0,0.8428508385376866,0.15714916146231345
Literary Agent,0,0.694966525122244,0.305033474877756
Literary Editor,0,0.7780364141285763,0.22196358587142356
Lithographer,0,0.8562260306119343,0.1437739693880656
Litigation Manager,0,0.5730732833435961,0.42692671665640397
Loans Manager,0,0.848371292499867,0.1516287075001329
Local Government,0,0.7715766922455763,0.2284233077544235
Lock Keeper,0,0.7506232696476595,0.24937673035234048
Locksmith,0,0.6142551924671786,0.38574480753282153
Locum Pharmacist,0,0.9651419378076246,0.03485806219237536
Log Merchant,0,0.8787512486471024,0.12124875135289771
Lorry Driver,0,0.5361568725181831,0.46384312748181683
Loss Adjustor,0,0.800995812408599,0.19900418759140084
Loss Assessor,0,0.6682698235413198,0.33173017645868025
Lumberjack,0,0.7585545734005495,0.2414454265994505
Machine Fitters,0,0.8413094229409686,0.15869057705903133
Machine Minder,0,0.8940610065294864,0.10593899347051343
Machine Operator,0,0.6710513169364359,0.32894868306356406
Machine Setter,0,0.7752661190631499,0.22473388093685015
Machine Tool,0,0.9092782636079793,0.09072173639202084
Machine Tool Fitter,0,0.8291319917776812,0.17086800822231882
Machinist,0,0.8098058400021095,0.19019415999789058
Magician,0,0.949984867826392,0.0500151321736079
Magistrate,0,0.8348331233771602,0.16516687662283983
Magistrates Clerk,0,0.4898761400332481,0.5101238599667519
Maid,1,0.1391352628482929,0.860864737151707
Maintenance Fitter,0,0.737296906736661,0.2627030932633392
Make Up Artist,1,0.37694814646856395,0.623051853531436
Manicurist,0,0.6044708232111975,0.39552917678880245
Manufacturing,0,0.8901118005133473,0.10988819948665272
Map Mounter,0,0.7669272727388247,0.23307272726117537
Marble Finisher,0,0.6359477278217636,0.36405227217823644
Marble Mason,0,0.791101657905164,0.20889834209483593
Marine Broker,0,0.8977574447607359,0.10224255523926415
Marine Consultant,0,0.8486449660738672,0.15135503392613284
Marine Electrician,0,0.7713749829037878,0.22862501709621225
Marine Engineer,0,0.8771271126348766,0.12287288736512329
Marine Geologist,0,0.9051140524982937,0.09488594750170619
Marine Pilot,0,0.8422980646160362,0.1577019353839638
Marine Surveyor,0,0.8653933324255416,0.1346066675744583
Market Gardener,0,0.5923042122007852,0.4076957877992147
Market Research,0,0.8010668157670456,0.19893318423295434
Market Researcher,0,0.7685821905276181,0.23141780947238202
Market Trader,0,0.8551319047028967,0.14486809529710362
Marketing Agent,0,0.7545225672433723,0.2454774327566281
Marketing Assistant,1,0.31525663917687596,0.6847433608231238
Marketing Coordinator,1,0.2294100195605779,0.7705899804394221
Marketing Director,1,0.32094450923194834,0.6790554907680518
Marketing Manager,0,0.5408332879586203,0.45916671204137965
Marquee Erector,0,0.6869015998065334,0.31309840019346646
Massage Therapist,1,0.10440408428070162,0.8955959157192986
Masseur,0,0.5725527151055884,0.4274472848944116
Masseuse,0,0.44656522697482304,0.553434773025177
Master Mariner,0,0.7921212694604652,0.20787873053953457
Materials Controller,0,0.8919124329775089,0.10808756702249098
Materials Manager,0,0.7907049947822045,0.20929500521779562
Mathematician,0,0.8983322299992516,0.10166777000074853
Maths Teacher,0,0.5728290702432809,0.4271709297567191
Matron,1,0.016265928710268534,0.9837340712897314
Mattress Maker,1,0.3951339383028783,0.6048660616971216
Meat Inspector,0,0.8457875482946277,0.15421245170537237
Meat Wholesaler,0,0.8745523414778466,0.1254476585221535
Mechanic,0,0.8922127991120424,0.10778720088795755
Medal Dealer,0,0.980755033484044,0.019244966515955995
Medical Advisor,0,0.8614134578853473,0.1385865421146527
Medical Assistant,0,0.7321384763769385,0.26786152362306126
Medical Consultant,0,0.8184118369857964,0.1815881630142036
Medical Officer,0,0.9066105450227759,0.09338945497722408
Medical Physicist,0,0.8906858553756161,0.10931414462438376
Medical Practitioner,0,0.8993046899128817,0.10069531008711827
Medical Researcher,0,0.9205271693966979,0.0794728306033019
Medical Secretary,0,0.8705598231790546,0.1294401768209456
Medical Student,0,0.9079404009640802,0.09205959903591969
Medical Supplier,0,0.9791775785788464,0.020822421421153675
Medical Technician,0,0.752884818921364,0.24711518107863606
Merchandiser,0,0.9319728278201235,0.06802717217987667
Merchant,0,0.9538030732789508,0.0461969267210491
Merchant Banker,0,0.8330302912923666,0.1669697087076333
Merchant Seaman,0,0.5126701072997218,0.4873298927002782
Messenger,0,0.8806819916006906,0.11931800839930938
Metal Dealer,0,0.9710609336421486,0.028939066357851356
Metal Engineer,0,0.983286580491788,0.01671341950821202
Metal Polisher,0,0.9763690184327076,0.023630981567292337
Metal Worker,0,0.8575380602421226,0.14246193975787735
Metallurgist,0,0.9927176757684325,0.007282324231567353
Meteorologist,0,0.8538236232309946,0.14617637676900547
Meter Reader,0,0.8111709069186975,0.18882909308130244
Microbiologist,0,0.8968044393740873,0.10319556062591274
Midwife,1,0.011085194865565808,0.988914805134434
Military Leader,0,0.8335027839717718,0.1664972160282282
Milklady,1,0.03683828913858362,0.9631617108614164
Milkman,0,0.7192458869406017,0.28075411305939846
Mill Operator,0,0.9174401484775324,0.08255985152246749
Mill Worker,0,0.8546751852935706,0.14532481470642938
Miller,0,0.9340283255916252,0.06597167440837469
Milliner,0,0.6482529346030832,0.3517470653969167
Millwright,0,0.6159654554330966,0.3840345445669034
Miner,0,0.9607332085897672,0.03926679141023282
Mineralologist,0,0.9519122320541682,0.04808776794583183
Minibus Driver,1,0.3744514833672884,0.6255485166327117
Minicab Driver,0,0.48527189584833486,0.5147281041516653
Mining Consultant,0,0.9171852807626784,0.08281471923732178
Mining Engineer,0,0.9140538599959996,0.08594614000400033
Money Broker,0,0.8750914630999727,0.12490853690002734
Moneylender,0,0.9292932094900281,0.07070679050997179
Mooring Contractor,0,0.9371576833861633,0.06284231661383664
Mortgage Broker,0,0.5286555012498979,0.4713444987501021
Mortician,0,0.5441578998359434,0.4558421001640567
Motor Dealer,0,0.9711373431625718,0.0288626568374282
Motor Engineer,0,0.7353622008736997,0.2646377991263001
Motor Fitter,0,0.47743222053027057,0.5225677794697295
Motor Mechanic,0,0.7532336416889774,0.24676635831102253
Motor Racing,0,0.9477808621692427,0.05221913783075733
Motor Trader,0,0.8511883719644852,0.14881162803551512
Museum Assistant,0,0.8304864230144748,0.1695135769855251
Museum Attendant,0,0.8748611208516166,0.12513887914838362
Music Teacher,0,0.8087329717739107,0.19126702822608938
Musician,0,0.9369994341733224,0.06300056582667761
Nanny,1,0.17670688215388775,0.8232931178461124
Navigator,0,0.84215824696079,0.1578417530392099
Negotiator,0,0.9190364158050901,0.08096358419491008
Neurologist,0,0.8556489958193859,0.14435100418061408
Newsagent,0,0.7447048149921021,0.2552951850078981
Night Porter,0,0.6882953113011488,0.31170468869885143
Night Watchman,0,0.545584136790092,0.45441586320990796
Nuclear Scientist,0,0.9114752042118502,0.08852479578814984
Nun,1,0.30347419726025765,0.6965258027397423
Nurse,1,0.3063496708196351,0.693650329180365
Nursery Assistant,1,0.33117855927557377,0.668821440724426
Nursery Nurse,1,0.09522940515335697,0.904770594846643
Nursery Worker,0,0.5511676476075793,0.44883235239242086
Nurseryman,0,0.5459779119469811,0.454022088053019
Nursing Assistant,1,0.22402491814107994,0.77597508185892
Nursing Auxiliary,1,0.36191462871136215,0.638085371288638
Nursing Manager,1,0.24639141570290302,0.753608584297097
Nursing Sister,1,0.35176371748536206,0.6482362825146378
Nutritionist,0,0.5701705441551161,0.4298294558448839
Off Shore,0,0.5849017397477918,0.41509826025220825
Office Manager,0,0.5155880940342931,0.48441190596570705
Office Worker,1,0.29370233036376,0.7062976696362399
Oil Broker,0,0.9033692399581761,0.09663076004182394
Oil Rig Crew,0,0.9197290926054432,0.08027090739455703
Opera Singer,1,0.4209111923830677,0.5790888076169322
Operations,0,0.9542494555421828,0.04575054445781735
Operative,0,0.9596791967810645,0.040320803218935414
Operator,0,0.8703644152292911,0.12963558477070883
Optical,0,0.9324038329781678,0.06759616702183224
Optical Advisor,0,0.9086294511398992,0.09137054886010085
Optical Assistant,0,0.7773754451534979,0.22262455484650218
Optician,0,0.8816302220450364,0.11836977795496328
Optometrist,0,0.9401163514365737,0.0598836485634263
Orchestral,0,0.9421503226971515,0.05784967730284843
Organiser,0,0.9203301779551601,0.0796698220448399
Organist,0,0.9280477586902367,0.07195224130976337
Ornamental,0,0.8601568473098624,0.13984315269013747
Ornithologist,0,0.9223706744432585,0.07762932555674158
Orthopaedic,0,0.9311202052580397,0.06887979474196043
Orthoptist,0,0.8443699153739633,0.15563008462603656
Osteopath,0,0.962314712891854,0.03768528710814602
Outdoor Pursuits,0,0.9759037460958356,0.024096253904164353
Outreach Worker,0,0.47498115040908473,0.5250188495909153
Packaging,0,0.8964101348165652,0.103589865183435
Packer,0,0.9336862635231411,0.06631373647685897
Paediatrician,0,0.6625116008028097,0.33748839919719026
Paint Consultant,0,0.7464224161409384,0.2535775838590617
Painter,0,0.7422383105748716,0.25776168942512856
Palaeobotanist,0,0.7808136032612154,0.2191863967387846
Palaeontologist,0,0.9650118377070782,0.03498816229292183
Pallet Maker,0,0.8986515913642699,0.10134840863573026
Panel Beater,0,0.8329330453460959,0.1670669546539042
Paramedic,0,0.562469358929049,0.4375306410709509
Park Attendant,0,0.6773925405048442,0.3226074594951557
Park Keeper,0,0.845965391987383,0.15403460801261698
Park Ranger,0,0.9404603049547052,0.05953969504529484
Partition Erector,0,0.8460652792481409,0.15393472075185927
Parts Man,0,0.8157775801115753,0.18422241988842453
Parts Manager,0,0.8444670536313815,0.15553294636861836
Parts Supervisor,0,0.8157842142432338,0.18421578575676617
Party Planner,1,0.12997068376588694,0.870029316234113
Pasteuriser,1,0.37243789795734933,0.6275621020426508
Pastry Chef,1,0.2278137510448348,0.7721862489551652
Patent Agent,0,0.9188244296735808,0.08117557032641931
Patent Attorney,0,0.8628512914690634,0.1371487085309367
Pathologist,0,0.9594108279379835,0.040589172062016586
Patrolman,0,0.7626762797931089,0.237323720206891
Pattern Cutter,0,0.7575680773738325,0.24243192262616747
Pattern Maker,0,0.5961065590921203,0.4038934409078798
Pattern Weaver,0,0.5859851067475063,0.4140148932524936
Pawnbroker,0,0.6999248047873188,0.30007519521268156
Payroll Assistant,0,0.45182734300113425,0.5481726569988657
Payroll Clerk,1,0.35057732493505556,0.6494226750649444
Payroll Manager,0,0.7620636416334619,0.2379363583665383
Payroll Supervisor,1,0.3456033420099227,0.6543966579900773
Personnel Officer,0,0.8675700469102252,0.13242995308977487
Pest Controller,0,0.8467942379135203,0.15320576208647965
Pet Minder,0,0.5411021474908252,0.45889785250917475
Pharmacist,0,0.8544957565245366,0.1455042434754635
Philatelist,0,0.9866335203318501,0.0133664796681498
Photographer,0,0.9380074431610647,0.06199255683893531
Physician,0,0.9392863339912005,0.06071366600879942
Physicist,0,0.9386284829809772,0.06137151701902273
Physiologist,0,0.964569233329421,0.035430766670578956
Physiotherapist,0,0.670869946208717,0.32913005379128296
Piano Teacher,0,0.7930819656012655,0.20691803439873446
Piano Tuner,0,0.939226495113003,0.06077350488699702
Picture Editor,0,0.6267099074127515,0.37329009258724843
Picture Framer,0,0.7602928664245764,0.23970713357542345
Picture Reseacher,0,0.6115778056073836,0.38842219439261627
Pig Man,0,0.7969263179736926,0.20307368202630743
Pig Manager,0,0.5292835516325951,0.47071644836740484
Pilot,0,0.8392881888383087,0.1607118111616913
Pipe Fitter,0,0.7924674845891709,0.2075325154108291
Pipe Inspector,0,0.9425000544457658,0.057499945554234266
Pipe Insulator,0,0.8681835427971462,0.1318164572028539
Pipe Layer,0,0.8037081462925897,0.19629185370741026
Planning Engineer,0,0.8715399212234071,0.12846007877659277
Planning Manager,0,0.5585462265169879,0.44145377348301196
Planning Officer,0,0.7726425621558541,0.22735743784414583
Planning Technician,0,0.8569202916350483,0.14307970836495146
Plant Attendant,0,0.9083986586116102,0.09160134138838971
Plant Driver,0,0.8746727667818768,0.12532723321812317
Plant Engineer,0,0.9328374967273133,0.06716250327268646
Plant Fitter,0,0.7192187981306012,0.28078120186939903
Plant Manager,0,0.8214500363333914,0.17854996366660872
Plant Operator,0,0.8087645115931884,0.19123548840681145
Plasterer,0,0.8845240590901121,0.11547594090988784
Plastics Consultant,0,0.8108534828431285,0.18914651715687128
Plastics Engineer,0,0.9045901905702436,0.09540980942975642
Plate Layer,0,0.7861008263318041,0.21389917366819586
Plater,0,0.9396624243947622,0.0603375756052378
Playgroup Assistant,0,0.7729060765801348,0.22709392341986523
Playgroup Leader,0,0.6253180457350516,0.3746819542649485
Plumber,0,0.49162390422307434,0.5083760957769258
Podiatrist,0,0.8783495469666929,0.12165045303330689
Police Officer,0,0.8309372555607828,0.16906274443921737
Polisher,0,0.9261133840248397,0.07388661597516025
Pool Attendant,1,0.3250479961742181,0.6749520038257817
Pools Collector,0,0.895127037135659,0.10487296286434104
Porter,0,0.7723536399320106,0.2276463600679894
Portfolio Manager,0,0.528497780043354,0.471502219956646
Post Sorter,0,0.8587498561239859,0.14125014387601414
Postman,0,0.6114368159341108,0.38856318406588924
Postmaster,0,0.8446018492836793,0.15539815071632068
Postwoman,1,0.15585397030394418,0.8441460296960558
Potter,0,0.728617489492034,0.2713825105079659
Practice Manager,0,0.798386668349938,0.20161333165006232
Preacher,0,0.7768714560094843,0.22312854399051582
Precision Engineer,0,0.9230857022318016,0.07691429776819844
Premises,0,0.7767016348691289,0.22329836513087115
Premises Security,0,0.7698959858611486,0.2301040141388514
Press Officer,0,0.7690408617885118,0.2309591382114882
Press Operator,0,0.8178831837596471,0.18211681624035286
Press Setter,0,0.8321471463345516,0.16785285366544864
Presser,0,0.7339112637609777,0.266088736239022
Priest,0,0.9437111040364975,0.056288895963502485
Print Finisher,0,0.8537628263665333,0.14623717363346647
Printer,0,0.8004529764674401,0.19954702353256024
Prison Chaplain,0,0.9559097716556935,0.04409022834430661
Prison Officer,0,0.8219656481574094,0.17803435184259078
Private Investigator,0,0.7816267178005367,0.21837328219946336
Probation Officer,0,0.5966764486275696,0.4033235513724304
Probation Worker,0,0.5306742668292627,0.46932573317073717
Procurator Fiscal,0,0.8729111471256437,0.1270888528743563
Produce Supervisor,0,0.7366087683029006,0.26339123169709916
Producer,0,0.9816114392575348,0.018388560742465112
Product Installer,1,0.44159968129468546,0.5584003187053145
Product Manager,1,0.3943061359013026,0.6056938640986973
Production Engineer,0,0.941710839799265,0.05828916020073518
Production Hand,0,0.9787403260028894,0.021259673997110574
Production Manager,0,0.7971106385206992,0.20288936147930098
Production Planner,0,0.6145134445580213,0.3854865554419788
Professional Boxer,0,0.8770887450601699,0.1229112549398302
Professional Racing,0,0.971640451290057,0.028359548709942794
Professional Wrestler,0,0.9663158582269473,0.03368414177305264
Progress Chaser,0,0.8035537829551902,0.19644621704480983
Progress Clerk,0,0.763433461805817,0.23656653819418297
Project Co-ordinator,0,0.7922038262541089,0.20779617374589104
Project Engineer,0,0.9338499850497988,0.06615001495020109
Project Leader,0,0.7387583225400496,0.2612416774599505
Project Manager,0,0.5556179474344272,0.44438205256557284
Project Worker,0,0.5989524382235166,0.4010475617764833
Projectionist,0,0.9133746204430664,0.08662537955693382
Promoter,0,0.9945590105690763,0.0054409894309237735
Proof Reader,0,0.9389107346379527,0.06108926536204719
Property Buyer,0,0.7254901509207203,0.2745098490792795
Property Dealer,0,0.8889177888964459,0.11108221110355422
Property Developer,0,0.7283072928355713,0.2716927071644288
Property Manager,0,0.49403752976179977,0.5059624702382003
Property Valuer,0,0.757114099123543,0.24288590087645695
Proprietor,0,0.8741556259178612,0.12584437408213897
Psychiatrist,0,0.7181812937730535,0.28181870622694677
Psychoanalyst,0,0.5115721351151481,0.4884278648848518
Psychologist,1,0.39014150271279785,0.6098584972872021
Psychotherapist,1,0.27697460325076145,0.7230253967492385
Public House Manager,0,0.7110377645416829,0.288962235458317
Public Relations Of?cer,0,0.9060255817172056,0.09397441828279446
Publican,0,0.7929337966376913,0.2070662033623086
Publicity Manager,0,0.5660867550677834,0.43391324493221656
Publisher,0,0.9547859160632749,0.045214083936725116
Publishing Manager,0,0.6534340678741734,0.3465659321258267
Purchase Clerk,0,0.7651281987888382,0.2348718012111619
Purchase Ledger Clerk,1,0.22040308986527182,0.7795969101347282
Purchasing Assistant,0,0.585159672790972,0.41484032720902797
Purchasing Manager,0,0.8751701689699084,0.12482983103009157
Purser,0,0.7692209202645292,0.2307790797354709
Quality Controller,0,0.8310574723401312,0.1689425276598689
Quality Engineer,0,0.9099720481119321,0.09002795188806792
Quality Inspector,0,0.9040492326578188,0.09595076734218112
Quality Manager,0,0.8474792155935474,0.15252078440645275
Quality Technician,0,0.8307603778606226,0.16923962213937735
Quantity Surveyor,0,0.7054921335363687,0.2945078664636312
Quarry Worker,0,0.9086408473198101,0.09135915268018985
Racehorse Groom,0,0.781116024095613,0.21888397590438727
Racing Organiser,0,0.9394715599121609,0.06052844008783903
Radio Controller,0,0.7761016542604761,0.22389834573952389
Radio Director,0,0.8566641701880192,0.1433358298119808
Radio Engineer,0,0.9097122258033692,0.09028777419663084
Radio Operator,0,0.7859378614925158,0.21406213850748415
Radio Presenter,0,0.652163192790814,0.347836807209186
Radio Producer,0,0.9048835860446223,0.09511641395537773
Radiographer,0,0.7805796738450177,0.2194203261549823
Radiologist,0,0.9146134536606791,0.08538654633932079
Rally Driver,0,0.9414030822121234,0.05859691778787654
Receptionist,1,0.17045233109005814,0.8295476689099418
Recorder,0,0.9149861835014517,0.08501381649854842
Records Supervisor,0,0.9155715042040616,0.08442849579593832
Recovery Vehicle Coordinator,0,0.8475766838901972,0.1524233161098026
Recreational,0,0.9746687622740552,0.025331237725944793
Recruitment Consultant,0,0.684340239045823,0.31565976095417697
Rector,0,0.9399530217859282,0.06004697821407201
Reflexologist,0,0.9433325809549822,0.056667419045017764
Refractory Engineer,0,0.8752554916086503,0.1247445083913499
Refrigeration Engineer,0,0.9356089088931527,0.06439109110684756
Refuse Collector,0,0.8657380091443185,0.13426199085568136
Registrar,0,0.8900305822017015,0.10996941779829843
Regulator,0,0.8085294954765834,0.1914705045234166
Relocation Agent,0,0.81999398745912,0.18000601254088008
Remedial Therapist,1,0.21770706509288007,0.7822929349071203
Rent Collector,0,0.7776099382965458,0.22239006170345418
Rent Offcer,0,0.7867299664824019,0.21327003351759805
Repair Man,0,0.8337158209009944,0.16628417909900592
Repairer,0,0.8932179334982592,0.10678206650174092
Reporter,0,0.6815688726351312,0.3184311273648688
Representative,0,0.9411715331668717,0.05882846683312825
Reprographic Assistant,0,0.7121442870262846,0.28785571297371537
Research Analyst,0,0.8076264579410307,0.19237354205896948
Research Consultant,0,0.8000978196462487,0.1999021803537512
Research Director,0,0.805298082836486,0.19470191716351404
Research Scientist,0,0.9008191240452774,0.0991808759547227
Research Technician,0,0.878302700284958,0.1216972997150419
Researcher,0,0.9447198471833861,0.055280152816613894
Resin Caster,0,0.4810241587827379,0.5189758412172623
Restaurant Manager,0,0.5891980073494586,0.4108019926505414
Restaurateur,0,0.6177131815761785,0.3822868184238216
Restorer,0,0.8034237557212419,0.19657624427875806
Retired,0,0.9847040197845649,0.015295980215434974
Revenue Clerk,0,0.7775621989801516,0.22243780101984859
Revenue Officer,0,0.8581432106125555,0.14185678938744462
Riding Instructor,0,0.6570673459051227,0.3429326540948774
Rig Worker,0,0.8892293822481844,0.11077061775181558
Rigger,0,0.8568820752746363,0.14311792472536367
Riveter,0,0.7543874524244916,0.24561254757550838
Road Safety Officer,0,0.6944508733129809,0.3055491266870191
Road Sweeper,0,0.9665842144764613,0.03341578552353866
Road Worker,0,0.546847788190982,0.4531522118090179
Roadworker,0,0.6509756899800725,0.34902431001992756
Roof Tiler,0,0.6405669154696467,0.3594330845303533
Roofer,0,0.6925405751831496,0.30745942481685035
Rose Grower,0,0.6512393343092121,0.3487606656907879
Royal Marine,0,0.6695547619297811,0.33044523807021897
Rug Maker,0,0.739552710996935,0.26044728900306496
Saddler,0,0.7463958144208006,0.2536041855791996
Safety Officer,0,0.67129132121205,0.32870867878795
Sail Maker,0,0.9434379819549046,0.05656201804509546
Sales Administrator,0,0.7130389328813839,0.2869610671186164
Sales Assistant,0,0.5,0.5
Sales Director,0,0.4711532292733922,0.5288467707266078
Sales Engineer,0,0.8083812950580294,0.19161870494197086
Sales Executive,0,0.788894498450147,0.211105501549853
Sales Manager,0,0.6336022087481816,0.36639779125181837
Sales Representative,0,0.8528260929687095,0.14717390703129046
Sales Support,0,0.7176351568919672,0.28236484310803295
Salesman,0,0.959274031221982,0.04072596877801802
Saleswoman,1,0.020847226820066504,0.9791527731799335
Sand Blaster,0,0.7800207031526841,0.21997929684731587
Saw Miller,0,0.892341357899274,0.10765864210072582
Scaffolder,0,0.7753909081637366,0.2246090918362633
School Crossing,0,0.7393032423138446,0.2606967576861553
School Inspector,0,0.738559242654836,0.2614407573451641
Scientific Officer,0,0.9160542610146067,0.08394573898539325
Scientist,0,0.9510642034321962,0.04893579656780375
Scrap Dealer,0,0.9660943130809416,0.03390568691905839
Screen Printer,0,0.4837986568459367,0.5162013431540633
Screen Writer,0,0.5,0.5
Script Writer,0,0.5099270803205028,0.4900729196794973
Sculptor,0,0.9786116236923064,0.021388376307693604
Seaman,0,0.8591610184239845,0.14083898157601563
Seamstress,1,0.01426771852104683,0.9857322814789532
Secretary,0,0.9686974727787926,0.031302527221207264
Security Consultant,0,0.7883046671235817,0.21169533287641823
Security Controller,0,0.8139848930655113,0.1860151069344889
Security Guard,0,0.8425756849684243,0.1574243150315758
Security Officer,0,0.8051123680507078,0.19488763194929212
Servant,0,0.5797631878807673,0.4202368121192326
Service Engineer,0,0.8991303288887492,0.10086967111125074
Service Manager,0,0.6077045812177048,0.39229541878229535
Share Dealer,0,0.9494834294729199,0.050516570527080085
Sheet Metal Worker,0,0.8871125283305537,0.11288747166944633
Shelf Filler,1,0.4383542564632092,0.561645743536791
Shelter Warden,0,0.8600630152559468,0.13993698474405342
Shepherd,0,0.886725147194869,0.11327485280513107
Sheriff,0,0.7804912104113465,0.21950878958865352
Sheriff Clerk,0,0.6998631280147379,0.3001368719852624
Sheriff Principal,0,0.5751548406330714,0.42484515936692857
Shift Controller,0,0.7145331683344393,0.28546683166556047
Ship Broker,0,0.6615331865322814,0.3384668134677187
Ship Builder,0,0.8007016202022007,0.1992983797977994
Shipping Clerk,0,0.5220230923125201,0.4779769076874801
Shipping Officer,0,0.5291661873595612,0.47083381264043894
Shipwright,0,0.5911377483095888,0.40886225169041124
Shipyard Worker,0,0.7959087824289002,0.20409121757109988
Shoe Maker,0,0.7204670812599052,0.2795329187400948
Shoe Repairer,0,0.775347894352614,0.22465210564738605
Shooting Instructor,0,0.8890329369796297,0.11096706302037032
Shop Assistant,0,0.5123846223440377,0.48761537765596213
Shop Fitter,0,0.5654019446441321,0.434598055355868
Shop Keeper,0,0.5628285281648349,0.43717147183516536
Shop Manager,0,0.5431350587700742,0.45686494122992594
Shop Proprietor,0,0.7856949405131645,0.2143050594868359
Shot Blaster,0,0.7593276497350654,0.24067235026493447
Show Jumper,0,0.9174253667302464,0.08257463326975344
Showman,0,0.978600339525006,0.021399660474994076
Shunter,0,0.7539354744306552,0.2460645255693448
Sign Maker,0,0.8156841200571214,0.18431587994287857
Signalman,0,0.7558411025910091,0.244158897408991
Signwriter,0,0.6290887273194969,0.3709112726805031
Site Agent,0,0.8890765128696579,0.11092348713034209
Site Engineer,0,0.9393397352181032,0.06066026478189688
Skipper,0,0.9029249809965338,0.09707501900346586
Slater,0,0.938415198415391,0.06158480158460914
Slaughterman,0,0.9549222790787018,0.045077720921298296
Smallholder,0,0.5599678759183574,0.4400321240816426
Social Worker,1,0.04591179415422825,0.9540882058457717
Software Consultant,0,0.5368708041219159,0.4631291958780839
Software Engineer,0,0.5797457546805447,0.4202542453194552
Soldier,0,0.9180843141574961,0.08191568584250405
Solicitor,0,0.8988482602765816,0.10115173972341855
Song Writer,0,0.6948179553506713,0.30518204464932863
Sound Artist,0,0.9526732868054735,0.04732671319452657
Sound Engineer,0,0.9065019739230639,0.0934980260769362
Sound Technician,0,0.8275536009818931,0.1724463990181069
Special Constable,0,0.718959662787086,0.281040337212914
Special Needs,1,0.3016720178651894,0.6983279821348107
Speech Therapist,1,0.22321571302214224,0.7767842869778577
Sports Administrator,0,0.88741115022474,0.11258884977526006
Sports Coach,0,0.6242886840306339,0.3757113159693661
Sports Commentator,0,0.8915541006871197,0.1084458993128801
Sportsman,0,0.9954772725231844,0.004522727476815551
Sportsperson,0,0.962005945878632,0.037994054121368
Sportswoman,1,0.1279681734694712,0.8720318265305289
Spring Maker,0,0.7277994840217155,0.27220051597828443
Stable Hand,0,0.564567451580018,0.43543254841998197
Staff Nurse,1,0.22112758223896842,0.7788724177610317
Stage Director,0,0.7978615161300103,0.20213848386998956
Stage Hand,0,0.8342625045896592,0.1657374954103406
Stage Manager,0,0.783731798236404,0.21626820176359604
Stage Mover,0,0.8584326298556012,0.14156737014439877
Station Manager,0,0.8412854464135863,0.1587145535864139
Stationer,0,0.8475328029233001,0.15246719707670012
Statistician,0,0.8860008481290578,0.1139991518709424
Steel Erector,0,0.9349056895534006,0.06509431044659937
Steel Worker,0,0.8868661863538163,0.11313381364618366
Steeplejack,0,0.8715258266669806,0.12847417333301947
Stenographer,0,0.6318660464973956,0.36813395350260436
Steward,0,0.9746496044517018,0.025350395548298415
Stewardess,1,0.10786528959466149,0.8921347104053384
Stock Controller,0,0.8832216064428602,0.11677839355713981
Stock Manager,0,0.7122951400879364,0.2877048599120637
Stockbroker,0,0.8395517758669209,0.1604482241330791
Stockman,0,0.8872780471231569,0.1127219528768432
Stocktaker,0,0.7749814889291143,0.2250185110708856
Stone Cutter,0,0.8695980697719404,0.1304019302280596
Stone Sawyer,0,0.7733577885074151,0.22664221149258476
Stonemason,0,0.9228093757785858,0.0771906242214144
Store Detective,0,0.7775278883602701,0.22247211163972996
Storeman,0,0.7093210453452793,0.2906789546547208
Storewoman,1,0.027888298678203197,0.9721117013217968
Street Entertainer,0,0.8810135679466531,0.11898643205334694
Street Trader,0,0.6634599856749833,0.33654001432501685
Stud Hand,0,0.7278639776029917,0.2721360223970081
Student,0,0.8673511480365923,0.1326488519634076
Student Nurse,0,0.4886102212498354,0.5113897787501648
Student Teacher,1,0.41868281715399897,0.5813171828460012
Studio Manager,0,0.7834267295489712,0.21657327045102917
Sub-Postmaster,0,0.6793878264801174,0.3206121735198828
Sub-Postmistress,1,0.15568566884263482,0.8443143311573654
Supervisor,0,0.7667611699875847,0.23323883001241535
Supply Teacher,0,0.5208314383563675,0.4791685616436325
Surgeon,0,0.9658428770805473,0.03415712291945271
Surveyor,0,0.8771865827847205,0.12281341721527934
Systems Analyst,0,0.5498856417417642,0.45011435825823576
Systems Engineer,0,0.7185606102856188,0.2814393897143811
Systems Manager,1,0.3031941031997364,0.6968058968002634
TV Editor,0,0.6085998569599871,0.39140014304001297
Tachograph Analyst,0,0.7218253739711317,0.2781746260288685
Tacker,0,0.930566410948494,0.06943358905150591
Tailor,0,0.7752823995388299,0.22471760046117026
Tank Farm Operative,0,0.8510052575781649,0.1489947424218351
Tanker Driver,0,0.8459394181438478,0.15406058185615223
Tanner,0,0.6879103428536368,0.312089657146363
Tattooist,0,0.8913588625833151,0.10864113741668477
Tax Advisor,0,0.7735029536516453,0.22649704634835455
Tax Analyst,0,0.7854061685102488,0.21459383148975117
Tax Assistant,0,0.5559273452179397,0.44407265478206037
Tax Consultant,0,0.7584963420841653,0.24150365791583484
Tax Inspector,0,0.8493145143903501,0.15068548560964992
Tax Manager,0,0.5678149594353716,0.4321850405646284
Tax Officer,0,0.745206746714981,0.2547932532850189
Taxi Controller,0,0.5891945218954296,0.41080547810457024
Taxi Driver,1,0.4442591118654444,0.5557408881345556
Taxidermist,0,0.592471856338591,0.407528143661409
Tea Blender,0,0.44701659434031016,0.5529834056596897
Tea Taster,1,0.434419374586395,0.5655806254136048
Teacher,0,0.479975956426995,0.520024043573005
Teachers Assistant,1,0.32413609774759816,0.6758639022524019
Technical Advisor,0,0.8163431456005483,0.1836568543994517
Technical Analyst,0,0.8697826254089571,0.1302173745910427
Technical Assistant,0,0.916794952250052,0.08320504774994784
Technical Author,0,0.8462363531188246,0.15376364688117533
Technical Clerk,0,0.6422189269289492,0.35778107307105095
Technical Co-ordinator,0,0.716007905410482,0.2839920945895177
Technical Director,0,0.8490796877953639,0.1509203122046363
Technical Editor,0,0.8971182112259714,0.10288178877402877
Technical Engineer,0,0.9324314722865447,0.06756852771345519
Technical Illustrator,0,0.8477909882447866,0.15220901175521356
Technical Instructor,0,0.7396262937001824,0.2603737062998176
Technical Liaison,0,0.8796116667590396,0.12038833324096064
Technical Manager,0,0.9888895568988305,0.011110443101169445
Technician,0,0.7422419477857904,0.2577580522142097
Telecommunication,0,0.822526060171915,0.17747393982808504
Telecommunications,0,0.7077021753846655,0.2922978246153346
Telegraphist,0,0.7151149537262352,0.2848850462737646
Telemarketeer,1,0.3254171602912476,0.6745828397087522
Telephone Engineer,0,0.6856027261095621,0.314397273890438
Telephonist,0,0.8986435038641392,0.10135649613586083
Telesales Person,1,0.23152686279170745,0.7684731372082925
Television Director,0,0.8378739691888037,0.16212603081119623
Television Engineer,0,0.7885496780389613,0.2114503219610387
Television Presenter,0,0.5285759543181845,0.4714240456818155
Television Producer,0,0.7830528252319683,0.21694717476803171
Telex Operator,0,0.5369740689195969,0.4630259310804033
Temperature Time,0,0.7460762216371568,0.25392377836284324
Tennis Coach,0,0.6144160627225271,0.3855839372774729
Textile Consultant,0,0.5,0.5
Textile Engineer,0,0.7340316108687327,0.26596838913126714
Textile Technician,0,0.5293440764054467,0.4706559235945534
Textile Worker,0,0.5824480730980857,0.4175519269019142
Thatcher,1,0.054681115561491425,0.9453188844385086
Theatre Manager,0,0.5,0.5
Theatre Technician,0,0.7485827253271504,0.2514172746728495
Theatrical Agent,0,0.8936924236330995,0.10630757636690025
Therapist,0,0.45001627891182006,0.5499837210881798
Thermal Engineer,0,0.9289879861963097,0.07101201380369036
Thermal Insulator,0,0.8353639218114883,0.1646360781885118
Ticket Agent,0,0.7647498722095216,0.2352501277904784
Ticket Inspector,0,0.9094506720891254,0.09054932791087464
Tiler,0,0.8227712559796054,0.1772287440203948
Timber Inspector,0,0.9643839580059802,0.03561604199401973
Timber Worker,0,0.9379649329694636,0.062035067030536455
Tobacconist,0,0.7762491507178619,0.22375084928213823
Toll Collector,0,0.9037621692597454,0.09623783074025465
Tool Maker,0,0.8604685794869065,0.13953142051309345
Tour Agent,0,0.8834341654467573,0.11656583455324256
Tour Guide,0,0.7445276455622081,0.25547235443779204
Town Clerk,0,0.46137996876385184,0.5386200312361482
Town Planner,1,0.26535643318385793,0.7346435668161421
Toy Maker,0,0.90770180291913,0.09229819708086995
Toy Trader,0,0.9339576505723846,0.06604234942761533
Track Worker,0,0.8632577584011882,0.1367422415988117
Tractor Driver,0,0.7280440156108748,0.2719559843891251
Tractor Mechanic,0,0.8540369571397374,0.14596304286026252
Trade Mark Agent,0,0.9901937728521488,0.009806227147851164
Trade Union Official,0,0.8131482279785327,0.1868517720214674
Trading Standards,0,0.9570727066705841,0.0429272933294159
Traffic Warden,0,0.8794911867092654,0.12050881329073461
Train Driver,0,0.7111929909452588,0.28880700905474105
Trainee Manager,0,0.9184568720328871,0.08154312796711305
Training Advisor,0,0.7134827791239703,0.28651722087602965
Training Assistant,0,0.756595171986414,0.243404828013586
Training Co-ordinator,0,0.6821399386291379,0.31786006137086226
Training Consultant,0,0.7614133418625927,0.23858665813740754
Training Instructor,0,0.7089974885630355,0.29100251143696443
Training Manager,0,0.868071474941047,0.13192852505895317
Training Officer,0,0.8634878302412431,0.13651216975875702
Transcriber,0,0.8901909290556649,0.1098090709443351
Translator,0,0.9086310507736431,0.09136894922635684
Transport Clerk,0,0.8003539456189893,0.19964605438101093
Transport Consultant,0,0.8112412148525258,0.18875878514747413
Transport Controller,0,0.8871812220328978,0.11281877796710209
Transport Engineer,0,0.8627022827616797,0.13729771723832035
Transport Manager,0,0.756740783393236,0.24325921660676394
Transport Officer,0,0.9195440448418096,0.08045595515819046
Transport Planner,0,0.5937167820631126,0.40628321793688743
Travel Agent,0,0.6816248409319761,0.31837515906802405
Travel Clerk,0,0.5660892724423983,0.4339107275576017
Travel Consultant,0,0.6838265895284409,0.31617341047155906
Travel Courier,0,0.7943019918237918,0.2056980081762083
Travel Guide,0,0.4506492059325011,0.549350794067499
Travel Guide Writer,0,0.5832019275351984,0.4167980724648016
Travel Representative,0,0.8896601883380431,0.11033981166195697
Travelling Showman,0,0.8244125365101361,0.17558746348986382
Treasurer,0,0.9663141826981722,0.03368581730182772
Tree Feller,0,0.9075430626937496,0.09245693730625035
Tree Surgeon,0,0.9205783514566205,0.0794216485433798
Trichologist,0,0.8513187016883864,0.14868129831161367
Trinity House Pilot,0,0.7904471812479249,0.20955281875207507
Trout Farmer,0,0.9358259686587928,0.06417403134120726
Tug Skipper,0,0.610863635147138,0.389136364852862
Tunneller,0,0.9216789387164883,0.07832106128351168
Turf Accountant,0,0.9443949315293196,0.055605068470680315
Turkey Farmer,0,0.9327581669084891,0.06724183309151084
Turner,0,0.8558360123885125,0.14416398761148747
Tutor,0,0.7622965373838363,0.2377034626161638
Typesetter,0,0.6901709232936055,0.3098290767063946
Typewriter Engineer,0,0.7942512668693985,0.2057487331306012
Typist,0,0.5526438415961548,0.4473561584038453
Tyre Builder,0,0.9168166313170408,0.083183368682959
Tyre Fitter,0,0.8169253085648704,0.1830746914351295
Tyre Inspector,0,0.913020025645948,0.08697997435405191
Tyre Technician,0,0.8824417464587468,0.11755825354125321
Undertaker,0,0.9595504637975326,0.04044953620246746
Underwriter,0,0.8853848062527369,0.11461519374726332
Upholsterer,0,0.7505423428057756,0.24945765719422436
Valuer,0,0.8306876421164926,0.16931235788350749
Valve Technician,0,0.8850192160366916,0.11498078396330869
Van Driver,0,0.8392836415242001,0.1607163584757999
Vehicle Assessor,0,0.7971751266668525,0.20282487333314778
Vehicle Body Worker,0,0.7888664733846283,0.21113352661537177
Vehicle Engineer,0,0.8720251375816531,0.12797486241834682
Vehicle Technician,0,0.8237665221307663,0.1762334778692339
Ventriloquist,0,0.4596548157090711,0.5403451842909289
Verger,0,0.8755859825253913,0.1244140174746087
Veterinary Surgeon,0,0.9404082028605966,0.059591797139403345
Vicar,0,0.9555606012245347,0.04443939877546535
Video Artist,0,0.9247547250232402,0.07524527497675974
Violin Maker,0,0.8562934111387247,0.14370658886127533
Violinist,0,0.9020011968893188,0.09799880311068096
Voluntary Worker,0,0.6046830656416866,0.3953169343583135
Wages Clerk,0,0.4469480490520395,0.5530519509479604
Waiter,0,0.8001483023643576,0.19985169763564223
Waitress,1,0.15209951665945107,0.847900483340549
Warden,0,0.9137063269290695,0.08629367307093065
Warehouse Manager,0,0.8866809516449479,0.11331904835505216
Warehouseman,0,0.8381282924725053,0.16187170752749455
Warehousewoman,1,0.22287987013060795,0.7771201298693919
Watchmaker,0,0.5314529820519408,0.4685470179480593
Weaver,0,0.6895953842358066,0.3104046157641932
Weighbridge Clerk,0,0.45377530489212414,0.546224695107876
Weighbridge Operator,0,0.7661215556570844,0.23387844434291574
Welder,0,0.9276565986793909,0.07234340132060893
Welfare Assistant,1,0.2497536846726388,0.7502463153273614
Welfare Officer,0,0.5330306587626271,0.46696934123737294
Welfare Rights Officer,1,0.3536719440848343,0.6463280559151656
Wheel Clamper,0,0.6712698135019725,0.32873018649802754
Wholesale Newspaper,0,0.8960108128495297,0.10398918715047022
Window Cleaner,1,0.19019499844452406,0.8098050015554761
Window Dresser,1,0.20131669692192597,0.7986833030780741
Windscreen Fitter,1,0.09908930254260671,0.9009106974573934
Wine Merchant,0,0.7449400866778352,0.2550599133221647
Wood Carver,0,0.888794585221616,0.11120541477838386
Wood Cutter,0,0.8920132542408283,0.10798674575917172
Wood Worker,0,0.8831419612458331,0.1168580387541669
Word Processing Operator,0,0.8168015025591311,0.18319849744086883
Works Manager,0,0.9268144909596516,0.07318550904034826
Writer,0,0.7434125647487387,0.25658743525126126
Yacht Master,0,0.8396332030659004,0.16036679693409936
Yard Manager,0,0.8830807179114419,0.11691928208855804
Youth Hostel Warden,0,0.9018433509888778,0.09815664901112219
Youth Worker,0,0.5163266389662392,0.4836733610337608
Zoo Keeper,0,0.9525296221275411,0.047470377872458856
Zoo Manager,0,0.8745367636908234,0.12546323630917652
Zoologist,0,0.9525291929032058,0.04747080709679411
